{
"metadata": {
    "version": {
        "essentia": "2.1-dev",
        "freesound_extractor": "0.4"
    },
    "audio_properties": {
        "equal_loudness": 0
    }
},
"lowlevel": {
    "average_loudness": 0.523896336555,
    "barkbands_kurtosis": {
        "dmean": 0.355321079493,
        "dmean2": 0.60331594944,
        "dvar": 0.116918109357,
        "dvar2": 0.308788925409,
        "max": 1.12012338638,
        "mean": -1.09563922882,
        "median": -1.17504322529,
        "min": -1.71252155304,
        "var": 0.163364887238
    },
    "barkbands_skewness": {
        "dmean": 0.262397319078,
        "dmean2": 0.429762542248,
        "dvar": 0.0385955944657,
        "dvar2": 0.106001913548,
        "max": 0.471534430981,
        "mean": -0.462296426296,
        "median": -0.473982125521,
        "min": -1.45734119415,
        "var": 0.0848549380898
    },
    "barkbands_spread": {
        "dmean": 4.32127189636,
        "dmean2": 7.25055265427,
        "dvar": 11.1478452682,
        "dvar2": 32.6070251465,
        "max": 47.2248458862,
        "mean": 36.423538208,
        "median": 36.6041755676,
        "min": 22.0055274963,
        "var": 17.4483394623
    },
    "dissonance": {
        "dmean": 0.00812840275466,
        "dmean2": 0.0137298554182,
        "dvar": 5.2568360843e-05,
        "dvar2": 0.000134104513563,
        "max": 0.499999880791,
        "mean": 0.488627493382,
        "median": 0.49015083909,
        "min": 0.447165727615,
        "var": 6.60482110106e-05
    },
    "hfc": {
        "dmean": 2.64464402199,
        "dmean2": 4.3429980278,
        "dvar": 7.16914987564,
        "dvar2": 20.5110816956,
        "max": 44.078125,
        "mean": 11.8743371964,
        "median": 11.144903183,
        "min": 0.00358979636803,
        "var": 33.7541923523
    },
    "pitch": {
        "dmean": 1048.1517334,
        "dmean2": 2016.25476074,
        "dvar": 2298669,
        "dvar2": 5815687,
        "max": 5065.32617188,
        "mean": 943.33013916,
        "median": 332.906707764,
        "min": 69.6156005859,
        "var": 1974550.875
    },
    "pitch_instantaneous_confidence": {
        "dmean": 0.0369279198349,
        "dmean2": 0.0633801221848,
        "dvar": 0.00098060851451,
        "dvar2": 0.00294541823678,
        "max": 0.33630490303,
        "mean": 0.17803221941,
        "median": 0.172710955143,
        "min": 0.105045258999,
        "var": 0.00127125123981
    },
    "pitch_salience": {
        "dmean": 0.0262934435159,
        "dmean2": 0.0452539771795,
        "dvar": 0.00040699710371,
        "dvar2": 0.00129413895775,
        "max": 0.849440693855,
        "mean": 0.786526143551,
        "median": 0.790597379208,
        "min": 0.697399258614,
        "var": 0.000559506530408
    },
    "silence_rate_20dB": {
        "dmean": 0,
        "dmean2": 0,
        "dvar": 0,
        "dvar2": 0,
        "max": 1,
        "mean": 1,
        "median": 1,
        "min": 1,
        "var": 0
    },
    "silence_rate_30dB": {
        "dmean": 0,
        "dmean2": 0,
        "dvar": 0,
        "dvar2": 0,
        "max": 1,
        "mean": 1,
        "median": 1,
        "min": 1,
        "var": 0
    },
    "silence_rate_60dB": {
        "dmean": 0.111842103302,
        "dmean2": 0.224422439933,
        "dvar": 0.0993332862854,
        "dvar2": 0.207060322165,
        "max": 1,
        "mean": 0.35409834981,
        "median": 0,
        "min": 0,
        "var": 0.228712841868
    },
    "spectral_centroid": {
        "dmean": 293.273193359,
        "dmean2": 483.959869385,
        "dvar": 51840.984375,
        "dvar2": 136061.265625,
        "max": 4352.82958984,
        "mean": 2868.08911133,
        "median": 2885.70556641,
        "min": 1799.94250488,
        "var": 122991.28125
    },
    "spectral_complexity": {
        "dmean": 4.64473676682,
        "dmean2": 7.61056089401,
        "dvar": 15.130358696,
        "dvar2": 36.079334259,
        "max": 47,
        "mean": 17.1049175262,
        "median": 16,
        "min": 0,
        "var": 109.634902954
    },
    "spectral_crest": {
        "dmean": 0.923577547073,
        "dmean2": 1.54257702827,
        "dvar": 0.661775052547,
        "dvar2": 1.96397936344,
        "max": 8.23796844482,
        "mean": 3.97030282021,
        "median": 3.81811237335,
        "min": 2.37687253952,
        "var": 0.87809240818
    },
    "spectral_decrease": {
        "dmean": 1.93458096764e-10,
        "dmean2": 3.03143982139e-10,
        "dvar": 3.45404451291e-20,
        "dvar2": 9.75046643371e-20,
        "max": -2.62420239618e-13,
        "mean": -8.27648005686e-10,
        "median": -7.55716600409e-10,
        "min": -2.87217849504e-09,
        "var": 1.92345393512e-19
    },
    "spectral_energy": {
        "dmean": 0.000932988885324,
        "dmean2": 0.00147548806854,
        "dvar": 8.05451861652e-07,
        "dvar2": 2.27374425776e-06,
        "max": 0.0148382661864,
        "mean": 0.00420077191666,
        "median": 0.00388011336327,
        "min": 1.3160394019e-06,
        "var": 4.65333778266e-06
    },
    "spectral_energyband_high": {
        "dmean": 0.000365587096894,
        "dmean2": 0.000615037220996,
        "dvar": 1.45607060631e-07,
        "dvar2": 4.25151768013e-07,
        "max": 0.00546399038285,
        "mean": 0.00135843525641,
        "median": 0.00130346324295,
        "min": 3.13026276899e-07,
        "var": 4.6035484047e-07
    },
    "spectral_energyband_low": {
        "dmean": 3.27956477122e-05,
        "dmean2": 5.72021453991e-05,
        "dvar": 1.97715466221e-09,
        "dvar2": 5.54053292134e-09,
        "max": 0.00049082597252,
        "mean": 5.3692390793e-05,
        "median": 4.1889215936e-05,
        "min": 1.08315347802e-08,
        "var": 2.05843897483e-09
    },
    "spectral_energyband_middle_high": {
        "dmean": 0.00038660800783,
        "dmean2": 0.000592898752075,
        "dvar": 1.29559296624e-07,
        "dvar2": 3.14499800425e-07,
        "max": 0.00560956681147,
        "mean": 0.00169438694138,
        "median": 0.00153220712673,
        "min": 6.69973587719e-07,
        "var": 8.64632056619e-07
    },
    "spectral_energyband_middle_low": {
        "dmean": 0.00045724469237,
        "dmean2": 0.000759072951041,
        "dvar": 2.37775921619e-07,
        "dvar2": 6.73905788062e-07,
        "max": 0.00471997959539,
        "mean": 0.00113400863484,
        "median": 0.000961270066909,
        "min": 3.4818103245e-07,
        "var": 5.63935373066e-07
    },
    "spectral_entropy": {
        "dmean": 0.0536381453276,
        "dmean2": 0.0881563425064,
        "dvar": 0.00180902366992,
        "dvar2": 0.00448666093871,
        "max": 8.87115097046,
        "mean": 8.70974349976,
        "median": 8.71144676208,
        "min": 8.49478626251,
        "var": 0.00422211317345
    },
    "spectral_flatness_db": {
        "dmean": 0.0080401673913,
        "dmean2": 0.0132276890799,
        "dvar": 3.60543672286e-05,
        "dvar2": 0.000106449850136,
        "max": 0.0896768793464,
        "mean": 0.0596132613719,
        "median": 0.058531023562,
        "min": 0.0406940840185,
        "var": 6.26916953479e-05
    },
    "spectral_flux": {
        "dmean": 0.00399331375957,
        "dmean2": 0.00537536619231,
        "dvar": 1.17756926556e-05,
        "dvar2": 1.89603179024e-05,
        "max": 0.0844715759158,
        "mean": 0.0417978987098,
        "median": 0.041823759675,
        "min": 0.00308534759097,
        "var": 0.000118304946227
    },
    "spectral_kurtosis": {
        "dmean": 0.371575802565,
        "dmean2": 0.594895482063,
        "dvar": 0.0859452784061,
        "dvar2": 0.211659476161,
        "max": 5.24775409698,
        "mean": 3.52424526215,
        "median": 3.5173330307,
        "min": 2.14501476288,
        "var": 0.209636151791
    },
    "spectral_rms": {
        "dmean": 0.000224843039177,
        "dmean2": 0.00033869445906,
        "dvar": 3.18579438385e-08,
        "dvar2": 7.83941587201e-08,
        "max": 0.00380478077568,
        "mean": 0.00195591128431,
        "median": 0.00194563006517,
        "min": 3.58321194653e-05,
        "var": 2.72721337069e-07
    },
    "spectral_rolloff": {
        "dmean": 285.456542969,
        "dmean2": 479.344818115,
        "dvar": 61190.3085938,
        "dvar2": 169593.796875,
        "max": 6933.69140625,
        "mean": 5317.92431641,
        "median": 5340.234375,
        "min": 4026.70898438,
        "var": 105932.578125
    },
    "spectral_skewness": {
        "dmean": 0.0820148661733,
        "dmean2": 0.129979282618,
        "dvar": 0.00407250924036,
        "dvar2": 0.0105052273721,
        "max": 1.97051656246,
        "mean": 1.52890145779,
        "median": 1.52336239815,
        "min": 1.20552682877,
        "var": 0.0112905483693
    },
    "spectral_spread": {
        "dmean": 737257.8125,
        "dmean2": 1206229.625,
        "dvar": 430273626112,
        "dvar2": 967323222016,
        "max": 17417020,
        "mean": 11087129,
        "median": 10985006,
        "min": 9293217,
        "var": 788053688320
    },
    "spectral_strongpeak": {
        "dmean": 0.312726020813,
        "dmean2": 0.584580183029,
        "dvar": 0.246572211385,
        "dvar2": 0.700246930122,
        "max": 2.58290171623,
        "mean": 0.298641443253,
        "median": 0.161079511046,
        "min": 0.000541677116416,
        "var": 0.172303661704
    },
    "startFrame": 0,
    "stopFrame": 304,
    "zerocrossingrate": {
        "dmean": 0.00847585592419,
        "dmean2": 0.0112981516868,
        "dvar": 6.58411008772e-05,
        "dvar2": 9.43194463616e-05,
        "max": 0.19140625,
        "mean": 0.157916560769,
        "median": 0.15869140625,
        "min": 0.064453125,
        "var": 0.000221225767746
    },
    "barkbands": {
        "dmean": [2.68455346486e-06, 1.26887271108e-05, 2.07296161534e-05, 2.04026437132e-05, 0.000118580341223, 0.000234568840824, 0.000162991622346, 0.000119236923638, 0.000118110379844, 7.70877086325e-05, 5.68129435123e-05, 4.99926609336e-05, 5.28334639966e-05, 5.22272021044e-05, 6.98560470482e-05, 7.80774207669e-05, 9.86249069683e-05, 0.000126562590594, 9.87066232483e-05, 9.44377825363e-05, 0.000181848634384, 0.000171493404196, 6.0641021264e-05, 1.4663555703e-05, 3.21739776155e-06, 1.42446435802e-06, 5.61825117984e-07],
        "dmean2": [4.74601574751e-06, 2.20540277951e-05, 3.54261719622e-05, 3.63607687177e-05, 0.000203798233997, 0.000417246861616, 0.000280090840533, 0.000206497119507, 0.000196121167392, 0.00012785277795, 0.000101912810351, 8.66695045261e-05, 9.06851928448e-05, 8.9058848971e-05, 0.000118547221064, 0.000132247674628, 0.000173883512616, 0.000201245144126, 0.000163499702467, 0.000157950271387, 0.000313731230563, 0.000287671602564, 0.000103601159935, 2.45536484726e-05, 5.02795182911e-06, 2.43070417127e-06, 9.40729933063e-07],
        "dvar": [1.0169116417e-11, 1.61186675118e-10, 9.49529677108e-10, 5.23453447254e-10, 1.6200297992e-08, 1.09344135524e-07, 3.44404469388e-08, 2.54704612956e-08, 1.60990012432e-08, 5.57893864439e-09, 5.80270542727e-09, 2.29660623852e-09, 2.56271537324e-09, 2.52050358363e-09, 5.49688650153e-09, 1.02201980212e-08, 1.52107446638e-08, 1.97649825395e-08, 7.56094209464e-09, 7.0958461329e-09, 5.03721828693e-08, 2.48992417795e-08, 5.05114394755e-09, 1.79532042011e-10, 9.74573113183e-12, 1.77636063411e-12, 2.64419372899e-13],
        "dvar2": [2.75712855324e-11, 4.37260533337e-10, 2.62634247683e-09, 1.52351520288e-09, 4.57583944069e-08, 3.29569360247e-07, 1.01205145597e-07, 7.3628044106e-08, 3.91051990789e-08, 1.55169868066e-08, 1.82259789483e-08, 6.75438061037e-09, 7.18501125263e-09, 6.27082830107e-09, 1.59701993852e-08, 3.04882519231e-08, 4.02947755163e-08, 4.84213131813e-08, 1.98697645004e-08, 2.13966302454e-08, 1.53719099671e-07, 7.06491150027e-08, 1.46473251306e-08, 4.73409145219e-10, 2.37196512431e-11, 4.88506847821e-12, 7.73620805004e-13],
        "max": [2.47219104494e-05, 9.68028834905e-05, 0.000364366103895, 0.000178018410224, 0.00105154933408, 0.00318117532879, 0.00162075040862, 0.00118159805425, 0.00128325517289, 0.000650510948617, 0.000785943528172, 0.000340290775057, 0.000453950284282, 0.000495020474773, 0.000678557145875, 0.00106605608016, 0.00137085677125, 0.00186241115443, 0.000916611868888, 0.000739026872907, 0.00270319962874, 0.0015966912033, 0.000885581946932, 0.00013410639076, 3.32618546963e-05, 1.20170107039e-05, 6.385845154e-06],
        "mean": [2.89268132292e-06, 1.75688928721e-05, 2.28986318689e-05, 2.25066978601e-05, 0.000171229185071, 0.000288582989015, 0.000229079756537, 0.000180539078428, 0.000196739900275, 0.000128978106659, 8.6877735157e-05, 9.74568320089e-05, 0.000100002449472, 0.000113111258543, 0.000142563381814, 0.000164945260622, 0.000200115187909, 0.000298626255244, 0.000270250660833, 0.000286829745164, 0.000515139254276, 0.000449622224551, 0.00015174766304, 4.63580145151e-05, 1.05919198177e-05, 3.99490681957e-06, 1.50998027948e-06],
        "median": [1.74997865088e-06, 1.40909105539e-05, 1.41134496516e-05, 1.60572089953e-05, 0.000128625819343, 0.00019869802054, 0.000154109497089, 0.000120551179862, 0.000149683313794, 9.51586844167e-05, 6.62188685965e-05, 8.25402967166e-05, 7.91627899162e-05, 9.47582011577e-05, 0.000108082989755, 0.000127290375531, 0.000151914326125, 0.000249317003181, 0.000252188649029, 0.000265745795332, 0.000464999786345, 0.000415817485191, 0.000138544317451, 4.22143202741e-05, 1.00939250842e-05, 3.6417661704e-06, 1.39282485634e-06],
        "min": [1.86312942851e-09, 3.84261333863e-09, 2.28342500463e-09, 5.68532598777e-09, 8.8561105116e-09, 1.24807016277e-07, 6.99652105141e-08, 5.58495578673e-08, 3.57364662307e-08, 7.69878738538e-08, 9.8411145899e-09, 1.44280587477e-08, 8.12732814381e-09, 3.90122849581e-08, 8.87338771349e-08, 8.31169799653e-08, 4.99618053595e-08, 7.41291259487e-08, 1.89216024182e-07, 1.24040198557e-07, 1.25838965914e-07, 8.71923475643e-08, 1.5530897457e-08, 1.17211227391e-08, 3.94832788686e-09, 2.67208832838e-09, 1.80592696353e-09],
        "var": [1.07661622673e-11, 2.15823303673e-10, 8.79073203119e-10, 4.90229246086e-10, 2.10586765803e-08, 9.43738527326e-08, 4.86926481358e-08, 3.01532310232e-08, 2.78531047115e-08, 1.02481809705e-08, 5.90788618027e-09, 4.38582503648e-09, 5.37849143001e-09, 5.71218938816e-09, 1.14265841233e-08, 1.76603762725e-08, 2.93457862455e-08, 5.05805139994e-08, 2.12576889425e-08, 2.20415241614e-08, 9.3506059784e-08, 5.8839415118e-08, 8.6377154318e-09, 6.04960359585e-10, 3.42472994408e-11, 4.60298422642e-12, 7.16573610345e-13]
    },
    "erb_bands": {
        "dmean": [9.02369502001e-05, 0.00561375170946, 0.0530636385083, 0.535897135735, 2.13846540451, 2.46409630775, 2.52053713799, 2.28711223602, 1.95488762856, 2.30484008789, 3.25597572327, 4.31544971466, 5.73363018036, 5.02753782272, 5.53826284409, 8.74737548828, 3.30143594742, 0.55673968792],
        "dmean2": [0.000159005823662, 0.00975382421166, 0.0944275781512, 0.931180357933, 3.85846853256, 4.11360406876, 4.31212568283, 3.82780623436, 3.39113855362, 3.93259310722, 5.50821208954, 7.39620494843, 9.19659328461, 8.21260738373, 9.18926906586, 14.9523077011, 5.66363811493, 0.928001701832],
        "dvar": [9.0579810319e-09, 6.41595615889e-05, 0.00381015241146, 0.326990425587, 11.5864944458, 7.32620716095, 6.72849082947, 4.90415000916, 3.14704608917, 4.73521947861, 14.2158317566, 32.4211463928, 40.5447502136, 20.2486076355, 26.1901855469, 96.7662582397, 15.1457586288, 0.249689474702],
        "dvar2": [2.45915909858e-08, 0.00016845119535, 0.0112520810217, 0.899859964848, 33.8361434937, 20.5141963959, 17.7276210785, 13.349111557, 9.53276824951, 12.9374847412, 43.3041496277, 96.177734375, 107.196098328, 52.1022644043, 76.3471603394, 298.739074707, 44.9250640869, 0.695061385632],
        "max": [0.00072640372673, 0.0919247344136, 0.519481837749, 5.00275421143, 33.0555648804, 19.6274833679, 26.6182174683, 21.6515789032, 16.0530395508, 18.585975647, 37.1154785156, 53.8261795044, 57.9034576416, 47.1633300781, 49.3997879028, 112.456092834, 49.4550895691, 5.2880563736],
        "mean": [0.000111936366011, 0.00763108534738, 0.0692756548524, 0.720812618732, 2.49705529213, 3.64784407616, 4.12804794312, 4.06591415405, 3.68666982651, 4.68831586838, 6.90807437897, 9.3004693985, 13.5929307938, 13.9791307449, 15.9144382477, 21.5882949829, 8.42451858521, 1.67360401154],
        "median": [8.54717145558e-05, 0.00535447383299, 0.0548284649849, 0.526567161083, 1.69053769112, 2.42044520378, 3.17998123169, 3.24103617668, 3.15101718903, 3.77489924431, 5.59777736664, 7.09153175354, 11.125790596, 12.904419899, 14.2706823349, 19.4390392303, 7.89630413055, 1.5208183527],
        "min": [4.99481487282e-08, 6.25764869255e-07, 1.5374922441e-05, 3.54975454684e-05, 0.00113067810889, 0.000960457779001, 0.00078337645391, 0.00217373599298, 0.000420341268182, 0.000561907421798, 0.00420151557773, 0.00417740875855, 0.00548049528152, 0.00813605543226, 0.00546448165551, 0.00539247412235, 0.00137873843778, 0.000259343709331],
        "var": [1.03953370356e-08, 6.73069225741e-05, 0.00368227879517, 0.42778801918, 9.21614170074, 12.3303747177, 11.8954792023, 9.51409244537, 6.2214512825, 10.852312088, 25.1591701508, 54.9181938171, 103.265205383, 58.3470802307, 73.8127975464, 158.658325195, 26.574432373, 0.783262312412]
    },
    "frequency_bands": {
        "dmean": [2.68455346486e-06, 1.26887271108e-05, 2.07296161534e-05, 2.04026437132e-05, 0.000118580341223, 0.000234568840824, 0.000162991622346, 0.000119236923638, 0.000118110379844, 7.70877086325e-05, 5.68129435123e-05, 4.99926609336e-05, 5.28334639966e-05, 5.22272021044e-05, 6.98560470482e-05, 7.80774207669e-05, 9.86249069683e-05, 0.000126562590594, 9.87066232483e-05, 9.44377825363e-05, 0.000181848634384, 0.000171493404196, 6.0641021264e-05, 1.4663555703e-05, 3.21739776155e-06, 1.42446435802e-06, 5.61825117984e-07, 5.79029757475e-09],
        "dmean2": [4.74601574751e-06, 2.20540277951e-05, 3.54261719622e-05, 3.63607687177e-05, 0.000203798233997, 0.000417246861616, 0.000280090840533, 0.000206497119507, 0.000196121167392, 0.00012785277795, 0.000101912810351, 8.66695045261e-05, 9.06851928448e-05, 8.9058848971e-05, 0.000118547221064, 0.000132247674628, 0.000173883512616, 0.000201245144126, 0.000163499702467, 0.000157950271387, 0.000313731230563, 0.000287671602564, 0.000103601159935, 2.45536484726e-05, 5.02795182911e-06, 2.43070417127e-06, 9.40729933063e-07, 1.00910764189e-08],
        "dvar": [1.0169116417e-11, 1.61186675118e-10, 9.49529677108e-10, 5.23453447254e-10, 1.6200297992e-08, 1.09344135524e-07, 3.44404469388e-08, 2.54704612956e-08, 1.60990012432e-08, 5.57893864439e-09, 5.80270542727e-09, 2.29660623852e-09, 2.56271537324e-09, 2.52050358363e-09, 5.49688650153e-09, 1.02201980212e-08, 1.52107446638e-08, 1.97649825395e-08, 7.56094209464e-09, 7.0958461329e-09, 5.03721828693e-08, 2.48992417795e-08, 5.05114394755e-09, 1.79532042011e-10, 9.74573113183e-12, 1.77636063411e-12, 2.64419372899e-13, 5.44037284446e-17],
        "dvar2": [2.75712855324e-11, 4.37260533337e-10, 2.62634247683e-09, 1.52351520288e-09, 4.57583944069e-08, 3.29569360247e-07, 1.01205145597e-07, 7.3628044106e-08, 3.91051990789e-08, 1.55169868066e-08, 1.82259789483e-08, 6.75438061037e-09, 7.18501125263e-09, 6.27082830107e-09, 1.59701993852e-08, 3.04882519231e-08, 4.02947755163e-08, 4.84213131813e-08, 1.98697645004e-08, 2.13966302454e-08, 1.53719099671e-07, 7.06491150027e-08, 1.46473251306e-08, 4.73409145219e-10, 2.37196512431e-11, 4.88506847821e-12, 7.73620805004e-13, 1.54671339603e-16],
        "max": [2.47219104494e-05, 9.68028834905e-05, 0.000364366103895, 0.000178018410224, 0.00105154933408, 0.00318117532879, 0.00162075040862, 0.00118159805425, 0.00128325517289, 0.000650510948617, 0.000785943528172, 0.000340290775057, 0.000453950284282, 0.000495020474773, 0.000678557145875, 0.00106605608016, 0.00137085677125, 0.00186241115443, 0.000916611868888, 0.000739026872907, 0.00270319962874, 0.0015966912033, 0.000885581946932, 0.00013410639076, 3.32618546963e-05, 1.20170107039e-05, 6.385845154e-06, 9.39782367482e-08],
        "mean": [2.89268132292e-06, 1.75688928721e-05, 2.28986318689e-05, 2.25066978601e-05, 0.000171229185071, 0.000288582989015, 0.000229079756537, 0.000180539078428, 0.000196739900275, 0.000128978106659, 8.6877735157e-05, 9.74568320089e-05, 0.000100002449472, 0.000113111258543, 0.000142563381814, 0.000164945260622, 0.000200115187909, 0.000298626255244, 0.000270250660833, 0.000286829745164, 0.000515139254276, 0.000449622224551, 0.00015174766304, 4.63580145151e-05, 1.05919198177e-05, 3.99490681957e-06, 1.50998027948e-06, 1.45561660503e-08],
        "median": [1.74997865088e-06, 1.40909105539e-05, 1.41134496516e-05, 1.60572089953e-05, 0.000128625819343, 0.00019869802054, 0.000154109497089, 0.000120551179862, 0.000149683313794, 9.51586844167e-05, 6.62188685965e-05, 8.25402967166e-05, 7.91627899162e-05, 9.47582011577e-05, 0.000108082989755, 0.000127290375531, 0.000151914326125, 0.000249317003181, 0.000252188649029, 0.000265745795332, 0.000464999786345, 0.000415817485191, 0.000138544317451, 4.22143202741e-05, 1.00939250842e-05, 3.6417661704e-06, 1.39282485634e-06, 1.24823449354e-08],
        "min": [1.86312942851e-09, 3.84261333863e-09, 2.28342500463e-09, 5.68532598777e-09, 8.8561105116e-09, 1.24807016277e-07, 6.99652105141e-08, 5.58495578673e-08, 3.57364662307e-08, 7.69878738538e-08, 9.8411145899e-09, 1.44280587477e-08, 8.12732814381e-09, 3.90122849581e-08, 8.87338771349e-08, 8.31169799653e-08, 4.99618053595e-08, 7.41291259487e-08, 1.89216024182e-07, 1.24040198557e-07, 1.25838965914e-07, 8.71923475643e-08, 1.5530897457e-08, 1.17211227391e-08, 3.94832788686e-09, 2.67208832838e-09, 1.80592696353e-09, 8.4779649967e-10],
        "var": [1.07661622673e-11, 2.15823303673e-10, 8.79073203119e-10, 4.90229246086e-10, 2.10586765803e-08, 9.43738527326e-08, 4.86926481358e-08, 3.01532310232e-08, 2.78531047115e-08, 1.02481809705e-08, 5.90788618027e-09, 4.38582503648e-09, 5.37849143001e-09, 5.71218938816e-09, 1.14265841233e-08, 1.76603762725e-08, 2.93457862455e-08, 5.05805139994e-08, 2.12576889425e-08, 2.20415241614e-08, 9.3506059784e-08, 5.8839415118e-08, 8.6377154318e-09, 6.04960359585e-10, 3.42472994408e-11, 4.60298422642e-12, 7.16573610345e-13, 7.4275981655e-17]
    },
    "gfcc": {
        "dmean": [9.98737621307, 6.57799196243, 5.76237392426, 5.28026294708, 5.30439472198, 5.48459529877, 5.28781318665, 5.33885717392, 5.21836233139, 4.58590841293, 4.57337427139, 4.7097902298, 4.78250837326],
        "dmean2": [13.9473361969, 11.2253389359, 9.35631847382, 8.77095985413, 9.20095443726, 9.29009723663, 9.05550861359, 9.22506427765, 8.90489673615, 7.7499833107, 7.96817398071, 8.15469074249, 8.17360687256],
        "dvar": [198.389129639, 24.5482845306, 16.2413959503, 17.2287559509, 15.6546163559, 17.402048111, 18.1445732117, 17.8942394257, 14.181427002, 10.4979867935, 13.4083213806, 11.3139333725, 12.3605241776],
        "dvar2": [146.72694397, 67.6718139648, 46.7772064209, 48.9814033508, 42.0425872803, 54.9965705872, 54.1636161804, 53.6972732544, 39.2118721008, 31.0868721008, 36.7574996948, 33.0991592407, 35.4077339172],
        "max": [61.8796539307, -61.6992454529, -34.4252700806, -13.0140790939, -28.5895175934, 2.83478736877, 0.459434747696, 16.5775337219, 1.80517983437, 12.1045589447, 6.27035808563, 8.98270606995, 7.27878665924],
        "mean": [6.65825223923, -79.9808654785, -55.5397224426, -32.2238121033, -40.5977478027, -12.2448015213, -17.4684314728, -2.41255092621, -11.1680603027, -1.01920127869, -6.69089365005, -2.01308059692, -5.27205085754],
        "median": [9.86130332947, -79.5464019775, -55.143157959, -32.3359832764, -40.3771476746, -12.4142637253, -17.5350265503, -2.90655374527, -11.2921648026, -0.747276723385, -6.82008266449, -1.5412735939, -5.18353939056],
        "min": [-288.554046631, -99.8516387939, -73.4839172363, -48.3112983704, -56.5145111084, -26.7607784271, -29.9145584106, -15.6085605621, -23.7359619141, -13.1967964172, -18.7353000641, -14.8889217377, -18.0321884155],
        "var": [843.602966309, 42.972984314, 41.8485107422, 32.7616958618, 25.7067966461, 26.3678836823, 23.4704475403, 24.0741252899, 22.1604862213, 17.0972557068, 18.2990379333, 18.0283031464, 19.1029262543]
    },
    "mfcc": {
        "dmean": [13.6481227875, 7.45614719391, 6.49396705627, 5.75575780869, 5.95573043823, 5.53322124481, 5.90062522888, 5.33135604858, 5.78879642487, 5.37436532974, 5.39013576508, 5.29243087769, 5.32657527924],
        "dmean2": [18.0968494415, 12.3636455536, 10.3080196381, 9.4280538559, 10.3468952179, 9.32735347748, 10.1899003983, 8.96122264862, 9.74502182007, 9.31193161011, 9.38420581818, 9.03368663788, 8.90277671814],
        "dvar": [390.941375732, 35.762462616, 21.6152362823, 17.6740722656, 21.8860416412, 17.5634098053, 19.3561553955, 17.2899188995, 18.6506099701, 19.5173721313, 16.4473896027, 17.4086437225, 15.7779750824],
        "dvar2": [252.165588379, 90.9951934814, 63.4721794128, 46.1174087524, 64.3193511963, 46.2126312256, 55.4233894348, 47.7187767029, 51.5424232483, 58.7420959473, 46.5320091248, 52.3961906433, 49.7421607971],
        "max": [-581.320678711, 76.7926177979, -11.3017921448, 45.4416351318, -10.7592811584, 19.4574279785, -6.74068069458, 16.1988277435, 4.71092605591, 14.7776937485, 8.96385002136, 15.4457492828, 5.60103607178],
        "mean": [-657.905456543, 48.4787330627, -27.5210514069, 26.0378170013, -30.9905414581, 2.16923141479, -21.9422969818, -2.54510450363, -7.35351467133, -4.31071805954, -2.56291818619, -0.53449857235, -5.87858629227],
        "median": [-652.366027832, 48.3759002686, -27.1930236816, 25.8433895111, -31.092798233, 2.21103477478, -21.6536464691, -2.64262390137, -7.1940612793, -3.89669418335, -2.5516910553, -0.491050720215, -6.18851661682],
        "min": [-1079.67980957, 18.041683197, -52.1407928467, 6.03785896301, -53.2812728882, -20.9737014771, -41.8057022095, -18.1172370911, -21.1295700073, -18.0772018433, -15.2790498734, -12.6741638184, -19.5964794159],
        "var": [1819.97399902, 78.6644821167, 51.4581069946, 36.8543510437, 38.0142669678, 32.0120162964, 34.9658737183, 26.5863132477, 28.6957092285, 25.9907627106, 24.4354896545, 23.0655937195, 25.1196346283]
    },
    "scvalleys": {
        "dmean": [0.378276109695, 0.387089878321, 0.293747961521, 0.224846288562, 0.17127892375, 0.165789306164],
        "dmean2": [0.63482260704, 0.657877802849, 0.48451641202, 0.351928949356, 0.25339230895, 0.235529407859],
        "dvar": [0.101921334863, 0.0929008647799, 0.0733775123954, 0.0537836290896, 0.0352152809501, 0.0394535623491],
        "dvar2": [0.23213429749, 0.247550353408, 0.145791858435, 0.0774782672524, 0.0390806645155, 0.0335793681443],
        "max": [-5.8087887764, -4.90322446823, -5.54934692383, -5.60198974609, -5.99384498596, -7.44921445847],
        "mean": [-6.83363389969, -6.00548696518, -6.42665433884, -6.61815452576, -6.6245470047, -8.1691865921],
        "median": [-6.78757238388, -5.96813583374, -6.39501857758, -6.57156181335, -6.57001113892, -8.11070632935],
        "min": [-10.7421121597, -9.40519237518, -10.4039487839, -10.6591386795, -10.3417234421, -12.2131032944],
        "var": [0.229733899236, 0.248978465796, 0.21700617671, 0.185751765966, 0.163091629744, 0.172840327024]
    },
    "spectral_contrast": {
        "dmean": [0.0565011613071, 0.049669995904, 0.0323155522346, 0.0242073386908, 0.0157672017813, 0.01741457358],
        "dmean2": [0.0984478220344, 0.088111743331, 0.0549328923225, 0.04135928303, 0.0276532415301, 0.0293870083988],
        "dvar": [0.00195585004985, 0.00144717947114, 0.000679236487485, 0.000288798328256, 0.000142315999256, 0.000179989889148],
        "dvar2": [0.0052133272402, 0.00423704972491, 0.00202709110454, 0.000870682008099, 0.000397300143959, 0.000547530013137],
        "max": [-0.60455840826, -0.649952471256, -0.740591406822, -0.770836353302, -0.780832231045, -0.675340414047],
        "mean": [-0.764019846916, -0.800641059875, -0.824104368687, -0.832156658173, -0.82578086853, -0.728638112545],
        "median": [-0.769241929054, -0.803227543831, -0.824023962021, -0.832982361317, -0.826652288437, -0.729054331779],
        "min": [-0.915206193924, -0.932852864265, -0.902215838432, -0.884900152683, -0.902384996414, -0.832931995392],
        "var": [0.00303389062174, 0.00201192079112, 0.000978840864263, 0.000486024771817, 0.000266690010903, 0.00037958836765]
    }
},
"rhythm": {
    "beats_count": 14,
    "beats_loudness": {
        "dmean": 0.00160813133698,
        "dmean2": 0.00164116302039,
        "dvar": 6.67219978823e-07,
        "dvar2": 1.75231195954e-06,
        "max": 0.00969223119318,
        "mean": 0.00474190106615,
        "median": 0.00404162798077,
        "min": 0.00182607700117,
        "var": 4.17037017542e-06
    },
    "bpm": 128.981689453,
    "bpm_confidence": 0,
    "first_peak_bpm": {
        "dmean": 0,
        "dmean2": 0,
        "dvar": 0,
        "dvar2": 0,
        "max": 129,
        "mean": 129,
        "median": 129,
        "min": 129,
        "var": 0
    },
    "first_peak_spread": {
        "dmean": 0,
        "dmean2": 0,
        "dvar": 0,
        "dvar2": 0,
        "max": 0.384615361691,
        "mean": 0.384615361691,
        "median": 0.384615361691,
        "min": 0.384615361691,
        "var": 0
    },
    "first_peak_weight": {
        "dmean": 0,
        "dmean2": 0,
        "dvar": 0,
        "dvar2": 0,
        "max": 0.615384638309,
        "mean": 0.615384638309,
        "median": 0.615384638309,
        "min": 0.615384638309,
        "var": 0
    },
    "onset_count": 15,
    "onset_rate": 2.12149786949,
    "second_peak_bpm": {
        "dmean": 0,
        "dmean2": 0,
        "dvar": 0,
        "dvar2": 0,
        "max": 0,
        "mean": 0,
        "median": 0,
        "min": 0,
        "var": 0
    },
    "second_peak_spread": {
        "dmean": 0,
        "dmean2": 0,
        "dvar": 0,
        "dvar2": 0,
        "max": 0,
        "mean": 0,
        "median": 0,
        "min": 0,
        "var": 0
    },
    "second_peak_weight": {
        "dmean": 0,
        "dmean2": 0,
        "dvar": 0,
        "dvar2": 0,
        "max": 0,
        "mean": 0,
        "median": 0,
        "min": 0,
        "var": 0
    },
    "beats_loudness_band_ratio": {
        "dmean": [0.010518733412, 0.0657694637775, 0.059741742909, 0.0209877807647, 0.0583980903029, 0.0720389634371],
        "dmean2": [0.0183262918144, 0.116078175604, 0.119631767273, 0.0363116413355, 0.0852545127273, 0.117334343493],
        "dvar": [5.56768100068e-05, 0.00151712936349, 0.00165672542062, 0.000185557582881, 0.00191078847274, 0.0020499182865],
        "dvar2": [0.000141747106682, 0.00529294041917, 0.00353582203388, 0.000348283705534, 0.00319742900319, 0.00601002760231],
        "max": [0.0326228775084, 0.210343062878, 0.229705899954, 0.159902647138, 0.34030777216, 0.519702672958],
        "mean": [0.0177814923227, 0.120751753449, 0.157003670931, 0.104639358819, 0.233495101333, 0.389053016901],
        "median": [0.0189487375319, 0.1167973876, 0.162801757455, 0.100802116096, 0.237846076488, 0.388205587864],
        "min": [0.00422189058736, 0.0523796789348, 0.0518514476717, 0.0676387250423, 0.142430126667, 0.275003343821],
        "var": [8.30231510918e-05, 0.00210664211772, 0.00219803722575, 0.000681183126289, 0.00385958747938, 0.00477203447372]
    },
    "beats_position": [0.452789098024, 0.917188167572, 1.369977355, 1.83437633514, 2.29877543449, 2.75156450272, 3.21596360207, 3.68036270142, 4.15637159348, 4.63238096237, 5.10838985443, 5.5727891922, 6.03718805313, 6.5015873909],
    "bpm_intervals": [0.464399069548, 0.452789187431, 0.464398980141, 0.46439909935, 0.452789068222, 0.46439909935, 0.46439909935, 0.476008892059, 0.476009368896, 0.476008892059, 0.464399337769, 0.464398860931, 0.464399337769],
    "onset_times": [0.0232199542224, 0.545668959618, 0.708208620548, 0.99845802784, 2.31038546562, 3.63392281532, 3.66875290871, 4.14476203918, 4.49306106567, 5.13160991669, 6.04879808426, 6.31582784653, 6.43192720413, 6.62929725647, 6.88471651077]
},
"sfx": {
    "der_av_after_max": {
        "dmean": 0,
        "dmean2": 0,
        "dvar": 0,
        "dvar2": 0,
        "max": -7.17941793482e-06,
        "mean": -7.17941793482e-06,
        "median": -7.17941793482e-06,
        "min": -7.17941793482e-06,
        "var": 0
    },
    "duration": 7.05367326736,
    "effective_duration": {
        "dmean": 0,
        "dmean2": 0,
        "dvar": 0,
        "dvar2": 0,
        "max": 6.71516990662,
        "mean": 6.71516990662,
        "median": 6.71516990662,
        "min": 6.71516990662,
        "var": 0
    },
    "flatness": {
        "dmean": 0,
        "dmean2": 0,
        "dvar": 0,
        "dvar2": 0,
        "max": 2.58889174461,
        "mean": 2.58889174461,
        "median": 2.58889174461,
        "min": 2.58889174461,
        "var": 0
    },
    "inharmonicity": {
        "dmean": 0.102435186505,
        "dmean2": 0.175682067871,
        "dvar": 0.00560973212123,
        "dvar2": 0.0153541611508,
        "max": 0.35650986433,
        "mean": 0.137236341834,
        "median": 0.137309283018,
        "min": 0,
        "var": 0.00876450166106
    },
    "logattacktime": {
        "dmean": 0,
        "dmean2": 0,
        "dvar": 0,
        "dvar2": 0,
        "max": 0.254949599504,
        "mean": 0.254949599504,
        "median": 0.254949599504,
        "min": 0.254949599504,
        "var": 0
    },
    "max_der_before_max": {
        "dmean": 0,
        "dmean2": 0,
        "dvar": 0,
        "dvar2": 0,
        "max": 0.000376744195819,
        "mean": 0.000376744195819,
        "median": 0.000376744195819,
        "min": 0.000376744195819,
        "var": 0
    },
    "max_to_total": 0.329096317291,
    "oddtoevenharmonicenergyratio": {
        "dmean": 0.910965144634,
        "dmean2": 1.63705742359,
        "dvar": 3.79252552986,
        "dvar2": 11.0751075745,
        "max": 21.9899311066,
        "mean": 0.960765182972,
        "median": 0.744071602821,
        "min": 0,
        "var": 2.24791407585
    },
    "pitch_after_max_to_before_max_energy_ratio": 1.23270559311,
    "pitch_centroid": {
        "dmean": 0,
        "dmean2": 0,
        "dvar": 0,
        "dvar2": 0,
        "max": 0.579851090908,
        "mean": 0.579851090908,
        "median": 0.579851090908,
        "min": 0.579851090908,
        "var": 0
    },
    "pitch_max_to_total": 0.629508197308,
    "pitch_min_to_total": 0.20000000298,
    "strongdecay": 12.9129981995,
    "tc_to_total": 0.479514569044,
    "temporal_centroid": {
        "dmean": 0,
        "dmean2": 0,
        "dvar": 0,
        "dvar2": 0,
        "max": 0.479518204927,
        "mean": 0.479518204927,
        "median": 0.479518204927,
        "min": 0.479518204927,
        "var": 0
    },
    "temporal_decrease": {
        "dmean": 0,
        "dmean2": 0,
        "dvar": 0,
        "dvar2": 0,
        "max": -0.00963538326323,
        "mean": -0.00963538326323,
        "median": -0.00963538326323,
        "min": -0.00963538326323,
        "var": 0
    },
    "temporal_kurtosis": {
        "dmean": 0,
        "dmean2": 0,
        "dvar": 0,
        "dvar2": 0,
        "max": -1.15517854691,
        "mean": -1.15517854691,
        "median": -1.15517854691,
        "min": -1.15517854691,
        "var": 0
    },
    "temporal_skewness": {
        "dmean": 0,
        "dmean2": 0,
        "dvar": 0,
        "dvar2": 0,
        "max": 0.160458162427,
        "mean": 0.160458162427,
        "median": 0.160458162427,
        "min": 0.160458162427,
        "var": 0
    },
    "temporal_spread": {
        "dmean": 0,
        "dmean2": 0,
        "dvar": 0,
        "dvar2": 0,
        "max": 0.0762946158648,
        "mean": 0.0762946158648,
        "median": 0.0762946158648,
        "min": 0.0762946158648,
        "var": 0
    },
    "tristimulus": {
        "dmean": [0.251638352871, 0.139381229877, 0.270033866167],
        "dmean2": [0.467961013317, 0.241215750575, 0.499995172024],
        "dvar": [0.102017939091, 0.0192446876317, 0.0703366696835],
        "dvar2": [0.248877748847, 0.0527722537518, 0.171229228377],
        "max": [1, 0.830337524414, 0.936612665653],
        "mean": [0.249748006463, 0.233221486211, 0.517030537128],
        "median": [0.12937130034, 0.231819853187, 0.632891178131],
        "min": [0, 0, 0],
        "var": [0.100012309849, 0.0213501360267, 0.073612369597]
    }
},
"tonal": {
    "chords_changes_rate": 0.202614381909,
    "chords_count": 153,
    "chords_number_rate": 0.0522875823081,
    "chords_strength": {
        "dmean": 0.01921251975,
        "dmean2": 0.0271894466132,
        "dvar": 0.000208442754229,
        "dvar2": 0.000419794145273,
        "max": 0.546199381351,
        "mean": 0.410870224237,
        "median": 0.40676805377,
        "min": 0.282403886318,
        "var": 0.00340688508004
    },
    "hpcp_crest": {
        "dmean": 2.00144863129,
        "dmean2": 3.5970389843,
        "dvar": 3.0989177227,
        "dvar2": 8.98402690887,
        "max": 11.9804372787,
        "mean": 4.88247394562,
        "median": 4.38980150223,
        "min": 2.26552534103,
        "var": 3.25977277756
    },
    "hpcp_entropy": {
        "dmean": 0.44389718771,
        "dmean2": 0.792193830013,
        "dvar": 0.152600973845,
        "dvar2": 0.428739696741,
        "max": 4.63268041611,
        "mean": 3.89047932625,
        "median": 3.9454035759,
        "min": 2.5500869751,
        "var": 0.164573565125
    },
    "hpcp_peak_count": 8,
    "key_strength": 0.395060032606,
    "tuning_frequency": {
        "dmean": 0.504209399223,
        "dmean2": 0.895831406116,
        "dvar": 6.15374422073,
        "dvar2": 10.7957496643,
        "max": 455.253540039,
        "mean": 443.906097412,
        "median": 440.508575439,
        "min": 436.456176758,
        "var": 48.3367958069
    },
    "hpcp": {
        "dmean": [0.249912261963, 0.230282530189, 0.242666870356, 0.217251583934, 0.212917983532, 0.220651119947, 0.221898183227, 0.211025133729, 0.194543391466, 0.180463224649, 0.196696162224, 0.200010493398, 0.240546420217, 0.24606128037, 0.248767673969, 0.261818021536, 0.246972158551, 0.253411442041, 0.235938876867, 0.24081633985, 0.219721764326, 0.195347309113, 0.211304306984, 0.242870211601, 0.248617902398, 0.2500038445, 0.222301051021, 0.209953263402, 0.190950676799, 0.1798094064, 0.195457264781, 0.212216332555, 0.195750072598, 0.178155556321, 0.19622798264, 0.234578430653],
        "dmean2": [0.444851160049, 0.406701922417, 0.425828248262, 0.394197136164, 0.377167314291, 0.395610034466, 0.385110795498, 0.360236525536, 0.311718791723, 0.308908492327, 0.339165300131, 0.343082398176, 0.407813936472, 0.407841652632, 0.413991928101, 0.453451961279, 0.417733579874, 0.442602157593, 0.40863609314, 0.409865111113, 0.402407944202, 0.337401419878, 0.36870482564, 0.426368355751, 0.442830771208, 0.445121467113, 0.376269876957, 0.365315914154, 0.337012052536, 0.315986037254, 0.343236416578, 0.362951278687, 0.333123981953, 0.301798969507, 0.3455542624, 0.409267872572],
        "dvar": [0.0405295304954, 0.0340102054179, 0.0414027571678, 0.0384995304048, 0.0323742851615, 0.0326703079045, 0.0327772535384, 0.0268770363182, 0.018049608916, 0.0265592187643, 0.0195973105729, 0.0237697381526, 0.0299633834511, 0.0319534949958, 0.0297291968018, 0.0344317927957, 0.0300543867052, 0.0301529541612, 0.0326844416559, 0.0356206074357, 0.0341470725834, 0.0229256059974, 0.0271595530212, 0.0352679789066, 0.0387368500233, 0.0366844795644, 0.033615950495, 0.0295052938163, 0.0286919716746, 0.0269404407591, 0.021183880046, 0.0289601031691, 0.0216732341796, 0.0196947902441, 0.0240483768284, 0.0339521318674],
        "dvar2": [0.115838944912, 0.105623356998, 0.120446018875, 0.111563891172, 0.0922682583332, 0.0996210724115, 0.0928241461515, 0.0755619555712, 0.0615855455399, 0.0768063515425, 0.0631288662553, 0.0671209096909, 0.0874503999949, 0.0883789807558, 0.095673955977, 0.0999120399356, 0.0821193307638, 0.0848022922873, 0.0934966653585, 0.122111581266, 0.100553959608, 0.0668940544128, 0.0760463103652, 0.0977278277278, 0.11542622, 0.101394549012, 0.104028880596, 0.0866789743304, 0.0791703015566, 0.0770534649491, 0.0585354417562, 0.0834171921015, 0.0722928866744, 0.0566477738321, 0.0726054236293, 0.0971301719546],
        "max": [1, 1, 1, 1, 1, 1, 1, 1, 1, 1, 1, 1, 1, 1, 1, 1, 1, 1, 1, 1, 1, 0.932838797569, 1, 1, 1, 1, 1, 1, 1, 1, 0.99307602644, 1, 0.893406629562, 1, 1, 1],
        "mean": [0.448237508535, 0.43157812953, 0.415848851204, 0.428689807653, 0.446410894394, 0.454832732677, 0.464090973139, 0.453481823206, 0.447950959206, 0.460741132498, 0.483808130026, 0.529579341412, 0.5790386796, 0.579618513584, 0.562117576599, 0.579324185848, 0.615920007229, 0.623531937599, 0.542360544205, 0.412068873644, 0.343089520931, 0.344136089087, 0.378559976816, 0.424569129944, 0.445576548576, 0.448544979095, 0.433676123619, 0.408001035452, 0.427452743053, 0.440721005201, 0.435882270336, 0.445023089647, 0.428113996983, 0.407704770565, 0.412619024515, 0.438608050346],
        "median": [0.395399719477, 0.403202801943, 0.370636433363, 0.364066123962, 0.401321053505, 0.415188699961, 0.432951390743, 0.423417240381, 0.416453331709, 0.431602060795, 0.452349603176, 0.508194625378, 0.56406545639, 0.546312272549, 0.538683354855, 0.558195233345, 0.59948438406, 0.597116291523, 0.519530057907, 0.390090495348, 0.302361786366, 0.330132991076, 0.329327940941, 0.383707284927, 0.400650411844, 0.405530005693, 0.403465807438, 0.356243312359, 0.393889814615, 0.401634037495, 0.40958660841, 0.401275545359, 0.403702974319, 0.36543995142, 0.381736308336, 0.395536392927],
        "min": [0.110584035516, 0.0971408858895, 0.128240913153, 0.175216302276, 0.130498379469, 0.131242245436, 0.139414861798, 0.114578127861, 0.140681236982, 0.169125601649, 0.1531239748, 0.153144881129, 0.173719242215, 0.117972202599, 0.097623899579, 0.0960011780262, 0.148661896586, 0.187678039074, 0.140231907368, 0.0835902541876, 0.0666315034032, 0.0760226249695, 0.057316314429, 0.105587214231, 0.122848205268, 0.0980638936162, 0.0936509370804, 0.110570281744, 0.109748363495, 0.181848421693, 0.141767561436, 0.101210050285, 0.101387508214, 0.113383978605, 0.0919639840722, 0.0875542163849],
        "var": [0.0478143915534, 0.0422397069633, 0.0441701002419, 0.0380651578307, 0.0378067493439, 0.0398724116385, 0.0387083999813, 0.033473290503, 0.0321203060448, 0.0326057523489, 0.0295233968645, 0.0355046540499, 0.0477304235101, 0.0556966103613, 0.0469832904637, 0.0463129132986, 0.0447240322828, 0.0451801232994, 0.0431442894042, 0.0412437431514, 0.0390813834965, 0.0322187691927, 0.0388727113605, 0.0483194924891, 0.0464691706002, 0.0489334501326, 0.0477999784052, 0.0394239425659, 0.0348486416042, 0.0352838225663, 0.0329716391861, 0.0376100353897, 0.0289446394891, 0.0288184117526, 0.0305026099086, 0.0414089895785]
    },
    "chords_histogram": [45.0980377197, 7.18954229355, 4.57516336441, 0, 0, 0, 0, 13.0718955994, 0.653594791889, 6.53594779968, 0, 0, 0, 0, 0, 0, 0, 2.61437916756, 16.9934635162, 3.26797389984, 0, 0, 0, 0],
    "chords_key": "G",
    "chords_scale": "minor",
    "key_key": "G",
    "key_scale": "minor",
    "chords_progression": ["A#m", "A#m", "A#m", "A#m", "A#m", "A#m", "A#m", "A#m", "A#m", "A#m", "A#m", "A#m", "A#m", "A#m", "A#m", "A#m", "A#m", "A#m", "A#m", "A#m", "A#", "A#m", "A#m", "A#m", "A#m", "A#m", "A#m", "C#", "C#", "C#", "C#", "D", "D", "D", "D", "D", "D", "D", "D", "D", "D", "Dm", "Dm", "Dm", "Dm", "Dm", "A#", "A#", "A#", "Gm", "A#", "A#", "Gm", "Gm", "Gm", "Gm", "Gm", "Gm", "Gm", "F#", "F#", "F#", "F#", "Gm", "Gm", "Gm", "Gm", "Gm", "Gm", "Gm", "Gm", "Gm", "Gm", "Gm", "Gm", "Gm", "Gm", "Gm", "Gm", "Gm", "Gm", "Gm", "Gm", "Gm", "Gm", "Gm", "Gm", "Gm", "Gm", "Gm", "Gm", "Gm", "Gm", "Gm", "G", "Gm", "Gm", "Gm", "Gm", "Gm", "Gm", "Gm", "Gm", "Gm", "Gm", "Gm", "Dm", "Gm", "Gm", "Gm", "Gm", "G", "Gm", "G", "C#", "Dm", "A#", "A#", "A#", "A#", "A#", "Gm", "Bm", "G", "G", "G", "G", "Gm", "G", "G", "Gm", "Gm", "Gm", "Gm", "Gm", "Gm", "Gm", "Gm", "G", "G", "G", "Gm", "G", "G", "G", "G", "G", "G", "G", "G", "Gm", "Gm", "Gm"]
}
}